date,open,high,low,close,volume,is_rth
2025-11-17 12:00:00+00:00,63.57,64.22,62.12,63.3,13627.0,1.0
2025-11-17 16:00:00+00:00,63.32,63.45,61.98,61.98,13896.0,1.0
2025-11-17 20:00:00+00:00,61.77,61.9,61.16,61.17,46221.0,1.0
2025-11-18 00:00:00+00:00,61.17,61.17,61.17,61.17,0.0,0.0
2025-11-18 12:00:00+00:00,61.0,61.58,60.5,61.26,6771.0,1.0
2025-11-18 16:00:00+00:00,61.48,61.78,61.05,61.34,12818.0,1.0
2025-11-18 20:00:00+00:00,61.33,61.88,61.07,61.56,35863.0,1.0
2025-11-19 00:00:00+00:00,61.56,61.56,61.56,61.56,0.0,0.0
2025-11-19 12:00:00+00:00,61.7,61.83,61.05,61.34,6891.0,1.0
2025-11-19 16:00:00+00:00,61.41,61.66,61.11,61.36,10754.0,1.0
2025-11-19 20:00:00+00:00,61.48,61.99,61.47,61.75,39215.0,1.0
2025-11-20 00:00:00+00:00,61.75,61.75,61.75,61.75,0.0,0.0
2025-11-20 12:00:00+00:00,62.09,62.47,60.8,61.07,11945.0,1.0
2025-11-20 16:00:00+00:00,61.07,61.34,59.94,60.42,29922.0,1.0
2025-11-20 20:00:00+00:00,60.33,60.35,59.69,59.78,70903.0,1.0
2025-11-21 00:00:00+00:00,59.78,59.78,59.78,59.78,0.0,0.0
2025-11-21 12:00:00+00:00,60.47,61.37,60.01,61.37,18979.0,1.0
2025-11-21 16:00:00+00:00,61.22,62.32,61.13,62.19,27508.0,1.0
2025-11-21 20:00:00+00:00,62.24,62.24,61.83,61.93,47525.0,1.0
2025-11-22 00:00:00+00:00,61.93,61.93,61.93,61.93,0.0,0.0
2025-11-24 12:00:00+00:00,61.85,62.22,60.8,61.31,8258.0,1.0
2025-11-24 16:00:00+00:00,61.41,62.09,61.32,61.44,11046.0,1.0
2025-11-24 20:00:00+00:00,61.36,61.5,60.59,60.74,105770.0,1.0
2025-11-25 00:00:00+00:00,60.74,60.74,60.74,60.74,0.0,0.0
2025-11-25 12:00:00+00:00,61.33,63.68,60.41,63.52,28086.0,1.0
2025-11-25 16:00:00+00:00,63.55,64.13,62.8,62.96,51057.0,1.0
2025-11-25 20:00:00+00:00,62.93,63.31,62.78,62.79,58594.0,1.0
2025-11-26 00:00:00+00:00,62.79,62.79,62.79,62.79,0.0,0.0
2025-11-26 12:00:00+00:00,62.31,63.69,62.29,63.41,8449.0,1.0
2025-11-26 16:00:00+00:00,63.37,63.62,63.06,63.27,19968.0,1.0
2025-11-26 20:00:00+00:00,63.15,63.65,62.87,62.87,95921.0,1.0
2025-11-27 00:00:00+00:00,62.87,62.87,62.87,62.87,0.0,0.0
2025-11-28 12:00:00+00:00,62.81,63.62,62.27,62.98,12752.0,1.0
2025-11-28 16:00:00+00:00,62.98,63.17,62.55,62.55,37161.0,1.0
2025-11-28 20:00:00+00:00,62.55,62.55,62.55,62.55,0.0,1.0
2025-12-01 12:00:00+00:00,62.1,63.38,62.07,63.14,10958.0,1.0
2025-12-01 16:00:00+00:00,63.01,63.06,62.31,62.71,24560.0,1.0
2025-12-01 20:00:00+00:00,62.74,62.79,62.13,62.59,123776.0,1.0
2025-12-02 00:00:00+00:00,62.59,62.59,62.59,62.59,0.0,0.0
2025-12-02 12:00:00+00:00,63.22,63.22,61.68,62.58,17400.0,1.0
2025-12-02 16:00:00+00:00,62.6,62.93,62.14,62.77,29186.0,1.0
2025-12-02 20:00:00+00:00,62.76,62.91,62.34,62.63,55547.0,1.0
2025-12-03 00:00:00+00:00,62.63,62.63,62.63,62.63,0.0,0.0
2025-12-03 12:00:00+00:00,63.13,64.14,62.28,63.45,15939.0,1.0
2025-12-03 16:00:00+00:00,63.5,64.46,63.36,64.03,30871.0,1.0
2025-12-03 20:00:00+00:00,64.0,64.45,63.89,64.23,73148.0,1.0
2025-12-04 00:00:00+00:00,64.23,64.23,64.23,64.23,0.0,0.0
2025-12-04 12:00:00+00:00,63.83,65.79,63.7,63.7,9251.0,1.0
2025-12-04 16:00:00+00:00,63.98,65.11,63.92,64.68,11263.0,1.0
2025-12-04 20:00:00+00:00,64.59,64.95,64.37,64.9,36513.0,1.0
2025-12-05 00:00:00+00:00,64.9,64.9,64.9,64.9,0.0,0.0
2025-12-05 12:00:00+00:00,64.87,65.11,64.45,64.7,3956.0,1.0
2025-12-05 16:00:00+00:00,64.79,65.01,64.0,64.19,12090.0,1.0
2025-12-05 20:00:00+00:00,64.1,64.38,64.01,64.37,30000.0,1.0
2025-12-06 00:00:00+00:00,64.37,64.37,64.37,64.37,0.0,0.0
2025-12-08 12:00:00+00:00,64.72,64.76,63.93,64.59,4795.0,1.0
2025-12-08 16:00:00+00:00,64.58,64.88,64.1,64.52,15480.0,1.0
2025-12-08 20:00:00+00:00,64.58,64.84,63.68,63.78,145305.0,1.0
2025-12-09 00:00:00+00:00,63.78,63.78,63.78,63.78,0.0,0.0
2025-12-09 12:00:00+00:00,63.4,65.45,63.4,64.52,6255.0,1.0
2025-12-09 16:00:00+00:00,64.52,65.3,64.29,65.21,13927.0,1.0
2025-12-09 20:00:00+00:00,65.08,65.37,64.87,65.29,63143.0,1.0
2025-12-10 00:00:00+00:00,65.29,65.29,65.29,65.29,0.0,0.0
2025-12-10 12:00:00+00:00,65.37,66.73,63.08,65.88,15087.0,1.0
2025-12-10 16:00:00+00:00,65.5,66.75,65.44,66.75,33843.0,1.0
2025-12-10 20:00:00+00:00,66.74,67.44,66.36,66.6,74713.0,1.0
2025-12-11 00:00:00+00:00,66.6,66.6,66.6,66.6,0.0,0.0
2025-12-11 12:00:00+00:00,66.96,68.13,66.48,67.75,17964.0,1.0
2025-12-11 16:00:00+00:00,67.89,68.57,67.67,68.06,44662.0,1.0
2025-12-11 20:00:00+00:00,68.06,68.17,67.2,67.41,57996.0,1.0
2025-12-12 00:00:00+00:00,67.41,67.41,67.41,67.41,0.0,0.0
2025-12-12 12:00:00+00:00,67.77,68.37,66.17,66.28,8707.0,1.0
2025-12-12 16:00:00+00:00,66.32,66.56,64.51,64.86,48477.0,1.0
2025-12-12 20:00:00+00:00,64.92,65.48,64.76,65.35,133719.0,1.0
2025-12-13 00:00:00+00:00,65.35,65.35,65.35,65.35,0.0,0.0
2025-12-15 12:00:00+00:00,65.47,66.53,64.86,65.74,6966.0,1.0
2025-12-15 16:00:00+00:00,65.68,66.12,65.05,66.12,13193.0,1.0
2025-12-15 20:00:00+00:00,66.06,66.06,65.56,65.67,80943.0,1.0
2025-12-16 00:00:00+00:00,65.67,65.67,65.67,65.67,0.0,0.0
2025-12-16 12:00:00+00:00,65.91,65.91,65.21,65.51,11081.0,1.0
2025-12-16 16:00:00+00:00,65.3,65.35,64.77,64.97,18304.0,1.0
2025-12-16 20:00:00+00:00,64.87,65.22,64.84,64.94,89065.0,1.0
2025-12-17 00:00:00+00:00,64.94,64.94,64.94,64.94,0.0,0.0
2025-12-17 12:00:00+00:00,64.59,65.67,64.47,65.35,7000.0,1.0
2025-12-17 16:00:00+00:00,65.61,65.78,64.74,65.17,13484.0,1.0
2025-12-17 20:00:00+00:00,65.1,65.28,64.33,64.83,82197.0,1.0
2025-12-18 00:00:00+00:00,64.83,64.83,64.83,64.83,0.0,0.0
2025-12-18 12:00:00+00:00,64.83,65.79,64.83,65.64,6197.0,1.0
2025-12-18 16:00:00+00:00,65.6,65.6,63.31,63.33,21815.0,1.0
2025-12-18 20:00:00+00:00,63.46,63.92,63.37,63.5,58388.0,1.0
2025-12-19 00:00:00+00:00,63.5,63.5,63.5,63.5,0.0,0.0
2025-12-19 12:00:00+00:00,63.11,63.54,62.82,63.45,28549.0,1.0
2025-12-19 16:00:00+00:00,63.41,63.86,63.02,63.12,11488.0,1.0
2025-12-19 20:00:00+00:00,63.08,63.71,63.03,63.59,391891.0,1.0
2025-12-20 00:00:00+00:00,63.59,63.59,63.59,63.59,0.0,0.0
2025-12-22 12:00:00+00:00,63.63,64.65,63.63,64.63,6329.0,1.0
2025-12-22 16:00:00+00:00,64.33,64.46,63.88,64.34,9538.0,1.0
2025-12-22 20:00:00+00:00,64.39,64.4,63.84,64.05,38142.0,1.0
2025-12-23 00:00:00+00:00,64.05,64.05,64.05,64.05,0.0,0.0
2025-12-23 12:00:00+00:00,64.09,64.75,63.55,64.59,15263.0,1.0
2025-12-23 16:00:00+00:00,64.61,64.93,63.98,64.13,27183.0,1.0
2025-12-23 20:00:00+00:00,64.14,64.26,63.92,64.19,50386.0,1.0
2025-12-24 00:00:00+00:00,64.19,64.19,64.19,64.19,0.0,0.0
2025-12-24 12:00:00+00:00,64.03,65.44,63.86,65.14,7485.0,1.0
2025-12-24 16:00:00+00:00,65.31,65.31,64.21,64.33,25850.0,1.0
2025-12-24 20:00:00+00:00,64.33,64.33,64.33,64.33,0.0,1.0
2025-12-26 08:00:00+00:00,63.69,63.69,63.37,63.37,392.0,0.0
2025-12-26 12:00:00+00:00,63.37,64.95,63.37,64.34,5021.0,1.0
2025-12-26 16:00:00+00:00,64.09,64.54,64.09,64.42,17343.0,1.0
2025-12-26 20:00:00+00:00,64.49,64.56,64.07,64.12,47963.0,1.0
2025-12-27 00:00:00+00:00,64.12,64.12,64.12,64.12,0.0,0.0
2025-12-29 12:00:00+00:00,64.39,64.59,63.55,64.14,5565.0,1.0
2025-12-29 16:00:00+00:00,63.81,64.13,63.31,63.39,11468.0,1.0
2025-12-29 20:00:00+00:00,63.4,63.8,63.31,63.74,62826.0,1.0
2025-12-30 00:00:00+00:00,63.74,63.74,63.74,63.74,0.0,0.0
2025-12-30 12:00:00+00:00,63.61,63.61,62.92,63.31,1695.0,1.0
2025-12-30 16:00:00+00:00,63.22,63.42,62.89,63.18,6987.0,1.0
2025-12-30 20:00:00+00:00,63.13,63.24,62.65,62.85,33244.0,1.0
2025-12-31 00:00:00+00:00,62.85,62.85,62.85,62.85,0.0,0.0
2025-12-31 12:00:00+00:00,62.85,62.96,62.33,62.33,3829.0,1.0
2025-12-31 16:00:00+00:00,62.14,62.24,61.72,61.73,12719.0,1.0
2025-12-31 20:00:00+00:00,61.75,61.88,61.51,61.86,37787.0,1.0
2026-01-01 00:00:00+00:00,61.86,61.86,61.86,61.86,0.0,0.0
2026-01-02 12:00:00+00:00,61.92,61.92,60.9,61.5,8783.0,1.0
2026-01-02 16:00:00+00:00,61.41,62.07,60.85,61.87,31474.0,1.0
2026-01-02 20:00:00+00:00,61.97,62.06,61.36,61.64,37582.0,1.0
2026-01-03 00:00:00+00:00,61.64,61.64,61.64,61.64,0.0,0.0
2026-01-05 12:00:00+00:00,61.33,62.74,61.12,62.23,6210.0,1.0
2026-01-05 16:00:00+00:00,62.11,64.03,62.02,63.4,24193.0,1.0
2026-01-05 20:00:00+00:00,63.48,63.48,62.94,62.96,53406.0,1.0
2026-01-06 00:00:00+00:00,62.96,62.96,62.96,62.96,0.0,0.0
2026-01-06 12:00:00+00:00,62.29,62.39,61.5,61.67,15871.0,1.0
2026-01-06 16:00:00+00:00,61.61,63.46,61.56,63.46,29619.0,1.0
2026-01-06 20:00:00+00:00,63.45,63.53,63.16,63.45,45270.0,1.0
2026-01-07 00:00:00+00:00,63.45,63.45,63.45,63.45,0.0,0.0
2026-01-07 12:00:00+00:00,63.26,64.24,62.39,62.86,6849.0,1.0
2026-01-07 16:00:00+00:00,62.8,63.45,62.78,63.03,5660.0,1.0
2026-01-07 20:00:00+00:00,62.97,63.09,62.71,62.95,27894.0,1.0
2026-01-08 00:00:00+00:00,62.95,62.95,62.95,62.95,0.0,0.0
2026-01-08 12:00:00+00:00,62.42,64.36,62.42,64.1,8972.0,1.0
2026-01-08 16:00:00+00:00,64.25,65.26,64.16,64.84,13865.0,1.0
2026-01-08 20:00:00+00:00,64.75,64.78,64.2,64.47,71317.0,1.0
2026-01-09 00:00:00+00:00,64.47,64.47,64.47,64.47,0.0,0.0
2026-01-09 12:00:00+00:00,64.61,64.61,63.1,63.71,4869.0,1.0
2026-01-09 16:00:00+00:00,63.61,64.45,63.61,64.23,12048.0,1.0
2026-01-09 20:00:00+00:00,64.35,64.77,64.19,64.75,42042.0,1.0
2026-01-10 00:00:00+00:00,64.75,64.75,64.75,64.75,0.0,0.0
2026-01-12 12:00:00+00:00,63.99,64.89,62.85,64.89,4194.0,1.0
2026-01-12 16:00:00+00:00,64.92,65.29,64.49,64.58,24035.0,1.0
2026-01-12 20:00:00+00:00,64.58,64.67,63.95,64.05,76559.0,1.0
2026-01-13 00:00:00+00:00,64.05,64.05,64.05,64.05,0.0,0.0
2026-01-13 12:00:00+00:00,64.1,64.79,63.6,63.6,1934.0,1.0
2026-01-13 16:00:00+00:00,63.44,63.62,62.29,63.43,29050.0,1.0
2026-01-13 20:00:00+00:00,63.51,63.62,63.16,63.25,81795.0,1.0
2026-01-14 00:00:00+00:00,63.25,63.25,63.25,63.25,0.0,0.0
2026-01-14 12:00:00+00:00,62.97,63.27,62.49,62.51,5024.0,1.0
2026-01-14 16:00:00+00:00,62.45,62.75,62.01,62.44,21998.0,1.0
2026-01-14 20:00:00+00:00,62.27,63.21,62.16,63.1,74036.0,1.0
2026-01-15 00:00:00+00:00,63.1,63.1,63.1,63.1,0.0,0.0
2026-01-15 12:00:00+00:00,62.71,63.01,62.43,62.87,8256.0,1.0
2026-01-15 16:00:00+00:00,63.2,64.63,63.08,64.45,56507.0,1.0
2026-01-15 20:00:00+00:00,64.37,64.71,64.11,64.36,135527.0,1.0
2026-01-16 00:00:00+00:00,64.36,64.36,64.36,64.36,0.0,0.0
2026-01-16 12:00:00+00:00,63.93,64.29,63.03,63.26,9885.0,1.0
2026-01-16 16:00:00+00:00,63.25,63.84,62.65,62.76,27086.0,1.0
2026-01-16 20:00:00+00:00,62.8,63.06,62.55,62.92,51939.0,1.0
2026-01-17 00:00:00+00:00,62.92,62.92,62.92,62.92,0.0,0.0
2026-01-20 12:00:00+00:00,61.82,62.14,60.39,61.36,21507.0,1.0
2026-01-20 16:00:00+00:00,61.32,62.2,61.18,61.66,25235.0,1.0
2026-01-20 20:00:00+00:00,61.7,62.41,61.59,62.38,75102.0,1.0
2026-01-21 00:00:00+00:00,62.38,62.38,62.38,62.38,0.0,0.0
2026-01-21 12:00:00+00:00,62.62,63.36,62.62,63.36,2322.0,1.0
2026-01-21 16:00:00+00:00,63.21,64.33,62.99,63.77,29363.0,1.0
2026-01-21 20:00:00+00:00,63.74,64.03,63.54,64.0,63042.0,1.0
2026-01-22 00:00:00+00:00,64.0,64.0,64.0,64.0,0.0,0.0
2026-01-22 12:00:00+00:00,64.35,65.42,63.85,64.91,3546.0,1.0
2026-01-22 16:00:00+00:00,64.58,64.62,62.93,63.04,32110.0,1.0
2026-01-22 20:00:00+00:00,63.05,63.42,62.77,63.41,60710.0,1.0
2026-01-23 00:00:00+00:00,63.41,63.41,63.41,63.41,0.0,0.0
2026-01-23 12:00:00+00:00,62.61,63.08,60.7,61.06,11726.0,1.0
2026-01-23 16:00:00+00:00,61.32,61.55,60.49,60.84,20854.0,1.0
2026-01-23 20:00:00+00:00,60.81,61.23,60.73,61.23,45374.0,1.0
2026-01-24 00:00:00+00:00,61.23,61.23,61.23,61.23,0.0,0.0
2026-01-26 12:00:00+00:00,61.53,62.09,60.45,60.65,11206.0,1.0
2026-01-26 16:00:00+00:00,60.53,61.05,60.43,60.54,16512.0,1.0
2026-01-26 20:00:00+00:00,60.56,61.07,60.52,61.07,48941.0,1.0
2026-01-27 00:00:00+00:00,61.07,61.07,61.07,61.07,0.0,0.0
2026-01-27 12:00:00+00:00,61.03,61.68,60.35,61.68,4007.0,1.0
2026-01-27 16:00:00+00:00,61.49,61.56,60.84,61.28,7000.0,1.0
2026-01-27 20:00:00+00:00,61.28,61.4,61.08,61.29,30983.0,1.0
2026-01-28 00:00:00+00:00,61.29,61.29,61.29,61.29,0.0,0.0
2026-01-28 12:00:00+00:00,61.31,61.8,61.14,61.78,6046.0,1.0
2026-01-28 16:00:00+00:00,61.82,62.69,61.2,61.6,42472.0,1.0
2026-01-28 20:00:00+00:00,61.77,61.95,61.45,61.7,81821.0,1.0
2026-01-29 00:00:00+00:00,61.7,61.7,61.7,61.7,0.0,0.0
2026-01-29 08:00:00+00:00,61.18,61.18,61.0,61.0,903.0,0.0
2026-01-29 12:00:00+00:00,61.0,61.42,60.37,60.6,7524.0,1.0
2026-01-29 16:00:00+00:00,60.6,60.98,59.96,60.44,27921.0,1.0
2026-01-29 20:00:00+00:00,60.27,60.74,60.26,60.27,60159.0,1.0
2026-01-30 00:00:00+00:00,60.27,60.27,60.27,60.27,0.0,0.0
2026-01-30 12:00:00+00:00,59.78,60.34,59.16,59.45,6850.0,1.0
2026-01-30 16:00:00+00:00,59.52,60.33,59.02,59.91,33416.0,1.0
2026-01-30 20:00:00+00:00,59.88,59.99,59.66,59.96,80429.0,1.0
2026-01-31 00:00:00+00:00,59.96,59.96,59.96,59.96,0.0,0.0
2026-02-02 12:00:00+00:00,59.95,60.56,59.71,60.28,20314.0,1.0
2026-02-02 16:00:00+00:00,60.32,60.67,59.88,59.93,8740.0,1.0
2026-02-02 20:00:00+00:00,59.89,60.44,59.83,60.44,44861.0,1.0
2026-02-03 00:00:00+00:00,60.44,60.44,60.44,60.44,0.0,0.0
2026-02-03 12:00:00+00:00,59.81,61.8,59.81,61.01,12418.0,1.0
2026-02-03 16:00:00+00:00,60.97,60.97,59.62,59.8,16679.0,1.0
2026-02-03 20:00:00+00:00,59.62,60.25,58.99,60.2,57686.0,1.0
2026-02-04 00:00:00+00:00,60.2,60.2,60.2,60.2,0.0,0.0
2026-02-04 12:00:00+00:00,60.83,61.88,59.1,61.55,6187.0,1.0
2026-02-04 16:00:00+00:00,61.75,62.49,61.19,62.42,18256.0,1.0
2026-02-04 20:00:00+00:00,62.5,62.58,62.16,62.58,59356.0,1.0
2026-02-05 00:00:00+00:00,62.58,62.58,62.58,62.58,0.0,0.0
2026-02-05 12:00:00+00:00,62.8,65.11,61.53,62.09,38768.0,1.0
2026-02-05 16:00:00+00:00,61.9,61.97,59.97,60.93,77417.0,1.0
2026-02-05 20:00:00+00:00,60.93,60.93,59.99,60.4,66112.0,1.0
2026-02-06 00:00:00+00:00,60.4,60.4,60.4,60.4,0.0,0.0
2026-02-06 12:00:00+00:00,60.58,62.29,60.58,62.14,6006.0,1.0
2026-02-06 16:00:00+00:00,61.84,62.44,61.45,62.09,23896.0,1.0
2026-02-06 20:00:00+00:00,61.99,62.57,61.93,62.46,68147.0,1.0
2026-02-07 00:00:00+00:00,62.46,62.46,62.46,62.46,0.0,0.0
2026-02-09 12:00:00+00:00,63.0,63.0,61.44,61.89,7865.0,1.0
2026-02-09 16:00:00+00:00,62.02,62.02,61.24,61.62,15115.0,1.0
2026-02-09 20:00:00+00:00,61.52,61.61,61.19,61.55,49273.0,1.0
2026-02-10 00:00:00+00:00,61.55,61.55,61.55,61.55,0.0,0.0
2026-02-10 12:00:00+00:00,61.2,62.08,60.54,61.64,5215.0,1.0
2026-02-10 16:00:00+00:00,61.48,61.56,59.91,60.13,58552.0,1.0
2026-02-10 20:00:00+00:00,60.25,60.35,59.99,59.99,54793.0,1.0
2026-02-11 00:00:00+00:00,59.99,59.99,59.99,59.99,0.0,0.0
2026-02-11 12:00:00+00:00,59.98,61.61,59.98,60.76,6589.0,1.0
2026-02-11 16:00:00+00:00,60.86,61.77,60.69,61.17,10627.0,1.0
2026-02-11 20:00:00+00:00,61.08,61.21,60.69,60.85,69965.0,1.0
2026-02-12 00:00:00+00:00,60.85,60.85,60.85,60.85,0.0,0.0
2026-02-12 12:00:00+00:00,61.51,62.1,60.94,60.99,2105.0,1.0
2026-02-12 16:00:00+00:00,60.51,60.56,59.95,60.51,41125.0,1.0
2026-02-12 20:00:00+00:00,60.53,60.75,60.28,60.69,56170.0,1.0
2026-02-13 00:00:00+00:00,60.69,60.69,60.69,60.69,0.0,0.0
2026-02-13 12:00:00+00:00,60.81,60.88,59.6,60.28,30242.0,1.0
2026-02-13 16:00:00+00:00,60.23,60.49,59.57,59.95,45738.0,1.0
2026-02-13 20:00:00+00:00,60.05,60.24,59.91,60.11,88190.0,1.0
2026-02-14 00:00:00+00:00,60.11,60.11,60.11,60.11,0.0,0.0
2026-02-17 12:00:00+00:00,60.0,61.14,58.77,58.83,47529.0,1.0
2026-02-17 16:00:00+00:00,58.8,59.63,57.41,58.59,77650.0,1.0
2026-02-17 20:00:00+00:00,58.73,58.97,58.04,58.28,109995.0,1.0
2026-02-18 00:00:00+00:00,58.28,58.28,58.28,58.28,0.0,0.0
2026-02-18 08:00:00+00:00,57.6,57.6,57.6,57.6,400.0,0.0
2026-02-18 12:00:00+00:00,57.26,60.92,54.11,60.48,68598.0,1.0
2026-02-18 16:00:00+00:00,60.71,62.48,60.22,62.29,106125.0,1.0
2026-02-18 20:00:00+00:00,62.14,63.31,62.02,63.31,143793.0,1.0
2026-02-19 00:00:00+00:00,63.31,63.31,63.31,63.31,0.0,0.0
2026-02-19 12:00:00+00:00,63.5,66.4,60.9,63.91,64810.0,1.0
2026-02-19 16:00:00+00:00,63.73,64.13,62.73,63.51,90290.0,1.0
2026-02-19 20:00:00+00:00,63.51,65.0,63.46,65.0,147773.0,1.0
2026-02-20 00:00:00+00:00,65.0,65.0,65.0,65.0,0.0,0.0
2026-02-20 12:00:00+00:00,64.09,65.67,62.11,64.01,61151.0,1.0
2026-02-20 16:00:00+00:00,64.01,66.46,63.82,66.15,102237.0,1.0
2026-02-20 20:00:00+00:00,66.14,67.23,66.05,67.23,131907.0,1.0
2026-02-21 00:00:00+00:00,67.23,67.23,67.23,67.23,0.0,0.0
2026-02-23 12:00:00+00:00,68.57,68.57,61.37,62.19,80971.0,1.0
2026-02-23 16:00:00+00:00,62.26,62.5,61.79,62.02,92095.0,1.0
2026-02-23 20:00:00+00:00,62.02,62.98,61.7,62.75,128651.0,1.0
2026-02-24 00:00:00+00:00,62.75,62.75,62.75,62.75,0.0,0.0
2026-02-24 12:00:00+00:00,63.14,64.24,62.97,63.56,18784.0,1.0
2026-02-24 16:00:00+00:00,63.55,64.31,62.84,63.02,61637.0,1.0
2026-02-24 20:00:00+00:00,63.02,63.02,62.32,62.85,107050.0,1.0
2026-02-25 00:00:00+00:00,62.85,62.85,62.85,62.85,0.0,0.0
2026-02-25 12:00:00+00:00,62.19,62.65,60.85,62.21,30287.0,1.0
2026-02-25 16:00:00+00:00,62.32,62.57,61.27,62.51,86291.0,1.0
2026-02-25 20:00:00+00:00,62.55,62.97,62.49,62.58,99605.0,1.0
2026-02-26 00:00:00+00:00,62.58,62.58,62.58,62.58,0.0,0.0
2026-02-26 12:00:00+00:00,63.03,65.0,63.03,63.52,33274.0,1.0
2026-02-26 16:00:00+00:00,63.52,64.19,62.74,63.75,101960.0,1.0
2026-02-26 20:00:00+00:00,63.79,64.43,63.43,63.43,118853.0,1.0
2026-02-27 00:00:00+00:00,63.43,63.43,63.43,63.43,0.0,0.0
2026-02-27 12:00:00+00:00,62.66,64.08,62.31,63.65,12965.0,1.0
2026-02-27 16:00:00+00:00,63.64,63.93,62.85,63.03,84560.0,1.0
2026-02-27 20:00:00+00:00,63.03,63.16,62.41,62.72,137389.0,1.0
2026-02-28 00:00:00+00:00,62.72,62.72,62.72,62.72,0.0,0.0
2026-03-02 12:00:00+00:00,62.05,62.68,60.45,61.71,37018.0,1.0
2026-03-02 16:00:00+00:00,61.91,62.11,60.63,61.02,60836.0,1.0
2026-03-02 20:00:00+00:00,61.08,61.51,60.68,61.47,86477.0,1.0
2026-03-03 00:00:00+00:00,61.47,61.47,61.47,61.47,0.0,0.0
2026-03-03 08:00:00+00:00,60.18,60.18,60.18,60.18,100.0,0.0
2026-03-03 12:00:00+00:00,60.18,60.79,58.8,59.06,24854.0,1.0
2026-03-03 16:00:00+00:00,59.14,62.66,58.78,62.53,104093.0,1.0
2026-03-03 20:00:00+00:00,62.61,63.0,62.29,62.62,152097.0,1.0
2026-03-04 00:00:00+00:00,62.62,62.62,62.62,62.62,0.0,0.0
2026-03-04 12:00:00+00:00,63.72,64.29,62.83,63.84,35470.0,1.0
2026-03-04 16:00:00+00:00,63.84,64.56,63.48,64.17,70627.0,1.0
2026-03-04 20:00:00+00:00,64.16,64.17,63.84,64.14,75665.0,1.0
2026-03-05 00:00:00+00:00,64.14,64.14,64.14,64.14,0.0,0.0
2026-03-05 12:00:00+00:00,63.31,65.0,63.02,63.15,32331.0,1.0
2026-03-05 16:00:00+00:00,63.31,63.33,62.02,62.33,54997.0,1.0
2026-03-05 20:00:00+00:00,62.25,62.69,62.22,62.44,67929.0,1.0
2026-03-06 00:00:00+00:00,62.44,62.44,62.44,62.44,0.0,0.0
2026-03-06 12:00:00+00:00,62.08,62.08,59.97,61.55,28054.0,1.0
2026-03-06 16:00:00+00:00,61.66,61.83,60.71,61.48,46390.0,1.0
2026-03-06 20:00:00+00:00,61.48,61.54,61.09,61.26,81770.0,1.0
2026-03-07 00:00:00+00:00,61.26,61.26,61.26,61.26,0.0,0.0
2026-03-09 12:00:00+00:00,59.41,60.0,58.9,58.95,52213.0,1.0
2026-03-09 16:00:00+00:00,59.01,61.57,58.35,61.13,138054.0,1.0
2026-03-09 20:00:00+00:00,61.14,62.44,61.14,62.44,49468.0,0.0
2026-03-10 12:00:00+00:00,61.18,62.1,60.85,61.46,61417.0,1.0
2026-03-10 16:00:00+00:00,61.55,62.04,60.16,60.51,126062.0,1.0
2026-03-10 20:00:00+00:00,60.4,60.4,60.4,60.4,49048.0,0.0
2026-03-11 12:00:00+00:00,60.9,61.79,59.97,60.09,58182.0,1.0
2026-03-11 16:00:00+00:00,59.89,61.98,59.61,61.46,148370.0,1.0
2026-03-11 20:00:00+00:00,61.43,61.43,61.43,61.43,55051.0,0.0
2026-03-12 12:00:00+00:00,60.41,61.69,59.87,61.54,42611.0,1.0
2026-03-12 16:00:00+00:00,61.66,61.91,60.4,60.69,93872.0,1.0
2026-03-12 20:00:00+00:00,60.69,60.69,60.69,60.69,38161.0,0.0
2026-03-13 12:00:00+00:00,60.98,61.14,59.72,60.03,74838.0,1.0
2026-03-13 16:00:00+00:00,60.14,60.42,59.41,59.94,111594.0,1.0
2026-03-13 20:00:00+00:00,59.89,59.89,59.89,59.89,33498.0,0.0
2026-03-16 12:00:00+00:00,60.26,61.48,59.33,60.88,55081.0,1.0
2026-03-16 16:00:00+00:00,60.74,61.39,60.45,60.82,123654.0,1.0
2026-03-16 20:00:00+00:00,60.84,60.84,60.84,60.84,59790.0,0.0
2026-03-17 12:00:00+00:00,61.31,62.01,60.5,60.62,82631.0,1.0
2026-03-17 16:00:00+00:00,60.59,60.94,59.72,60.5,110877.0,1.0
2026-03-17 20:00:00+00:00,60.5,60.5,60.5,60.5,37678.0,0.0
2026-03-18 12:00:00+00:00,60.01,61.54,60.0,60.98,55478.0,1.0
2026-03-18 16:00:00+00:00,60.85,61.34,60.22,60.59,79551.0,1.0
2026-03-18 20:00:00+00:00,60.55,60.55,60.55,60.55,71460.0,0.0
2026-03-19 12:00:00+00:00,59.0,62.8,59.0,59.58,111612.0,1.0
2026-03-19 16:00:00+00:00,59.58,61.48,59.23,61.02,149223.0,1.0
2026-03-19 20:00:00+00:00,60.97,60.97,60.97,60.97,59363.0,0.0
2026-03-20 12:00:00+00:00,60.99,61.71,60.41,60.79,88354.0,1.0
2026-03-20 16:00:00+00:00,60.71,61.06,59.84,60.11,164185.0,1.0
2026-03-20 20:00:00+00:00,60.15,60.15,60.04,60.04,460227.0,0.0
2026-03-23 12:00:00+00:00,61.85,64.5,61.51,63.73,81074.0,1.0
2026-03-23 16:00:00+00:00,63.81,64.57,62.81,62.91,134388.0,1.0
2026-03-23 20:00:00+00:00,62.83,62.83,62.83,62.83,81230.0,0.0
2026-03-24 12:00:00+00:00,62.36,64.05,62.34,63.42,56040.0,1.0
2026-03-24 16:00:00+00:00,63.59,64.8,63.59,64.29,99477.0,1.0
2026-03-24 20:00:00+00:00,64.29,64.29,64.29,64.29,64495.0,0.0
2026-03-25 12:00:00+00:00,64.83,65.58,64.0,64.47,38589.0,1.0
2026-03-25 16:00:00+00:00,64.58,65.44,64.51,65.4,95093.0,1.0
2026-03-25 20:00:00+00:00,65.31,65.31,65.31,65.31,31893.0,0.0
2026-03-26 12:00:00+00:00,64.96,66.6,64.96,66.06,57380.0,1.0
2026-03-26 16:00:00+00:00,66.02,66.88,65.52,66.88,108925.0,1.0
2026-03-26 20:00:00+00:00,66.8,66.8,66.8,66.8,41099.0,0.0
2026-03-27 12:00:00+00:00,66.52,67.22,66.52,66.98,44392.0,1.0
2026-03-27 16:00:00+00:00,66.99,67.01,65.66,65.88,110775.0,1.0
2026-03-27 20:00:00+00:00,65.97,65.97,65.93,65.93,48037.0,0.0
2026-03-30 12:00:00+00:00,66.93,67.67,66.6,67.12,48028.0,1.0
2026-03-30 16:00:00+00:00,67.08,67.24,66.25,66.73,91151.0,1.0
2026-03-30 20:00:00+00:00,66.74,66.74,66.74,66.74,55878.0,0.0
2026-03-31 12:00:00+00:00,67.87,68.9,66.75,67.58,68350.0,1.0
2026-03-31 16:00:00+00:00,67.62,69.57,67.61,68.57,117576.0,1.0
2026-03-31 20:00:00+00:00,68.57,68.57,68.57,68.57,61739.0,0.0
2026-04-01 12:00:00+00:00,68.35,68.71,65.82,66.54,37136.0,1.0
2026-04-01 16:00:00+00:00,66.23,66.63,65.24,65.3,69549.0,1.0
2026-04-01 20:00:00+00:00,65.25,65.25,65.25,65.25,49807.0,0.0
2026-04-02 12:00:00+00:00,64.79,65.5,62.96,64.85,21105.0,1.0
2026-04-02 16:00:00+00:00,64.87,65.25,64.3,64.94,42931.0,1.0
2026-04-02 20:00:00+00:00,64.87,65.47,64.87,65.47,73204.0,0.0
2026-04-06 12:00:00+00:00,64.87,64.87,61.44,62.7,27749.0,1.0
2026-04-06 16:00:00+00:00,62.8,63.83,62.52,63.3,42128.0,1.0
2026-04-06 20:00:00+00:00,63.31,63.31,63.31,63.31,39561.0,0.0
2026-04-07 12:00:00+00:00,63.16,63.16,62.03,62.6,16613.0,1.0
2026-04-07 16:00:00+00:00,63.08,63.92,62.7,63.44,41062.0,1.0
2026-04-07 20:00:00+00:00,63.5,63.5,63.5,63.5,54464.0,0.0
2026-04-08 12:00:00+00:00,65.39,66.56,65.08,66.56,18752.0,1.0
2026-04-08 16:00:00+00:00,66.43,66.92,65.92,65.94,37584.0,1.0
2026-04-08 20:00:00+00:00,65.96,65.96,65.96,65.96,46777.0,0.0
2026-04-09 12:00:00+00:00,65.57,67.05,65.5,67.05,12900.0,1.0
2026-04-09 16:00:00+00:00,67.03,68.34,67.03,67.83,45638.0,1.0
2026-04-09 20:00:00+00:00,67.83,67.83,67.83,67.83,25980.0,0.0
2026-04-10 12:00:00+00:00,67.83,68.31,66.77,67.53,20228.0,1.0
2026-04-10 16:00:00+00:00,67.4,68.16,67.05,68.15,32647.0,1.0
2026-04-10 20:00:00+00:00,68.06,68.06,68.06,68.06,20228.0,0.0
2026-04-13 12:00:00+00:00,67.34,67.34,65.87,65.9,16309.0,1.0
2026-04-13 16:00:00+00:00,66.44,68.2,66.13,68.04,57837.0,1.0
2026-04-13 20:00:00+00:00,68.01,68.07,68.01,68.07,30943.0,0.0
2026-04-14 12:00:00+00:00,68.0,68.34,66.95,68.33,21131.0,1.0
2026-04-14 16:00:00+00:00,68.15,68.28,67.73,68.23,41453.0,1.0
2026-04-14 20:00:00+00:00,68.23,68.23,67.93,67.93,41017.0,0.0
2026-04-15 12:00:00+00:00,68.24,68.24,67.16,67.31,11769.0,1.0
2026-04-15 16:00:00+00:00,67.19,67.58,65.56,65.84,30067.0,1.0
2026-04-15 20:00:00+00:00,65.83,66.0,65.82,66.0,52556.0,0.0
2026-04-16 12:00:00+00:00,65.93,66.84,65.4,66.84,17395.0,1.0
2026-04-16 16:00:00+00:00,66.92,67.76,66.92,67.34,41640.0,1.0
2026-04-16 20:00:00+00:00,67.37,67.37,67.37,67.37,31566.0,0.0
2026-04-17 12:00:00+00:00,68.31,71.19,67.43,71.15,25125.0,1.0
2026-04-17 16:00:00+00:00,71.28,71.51,70.15,70.72,27679.0,1.0
2026-04-17 20:00:00+00:00,70.7,70.7,70.6,70.6,40039.0,0.0
2026-04-20 12:00:00+00:00,70.72,71.98,69.74,71.56,13451.0,1.0
2026-04-20 16:00:00+00:00,71.33,72.36,71.21,71.78,41452.0,1.0
2026-04-20 20:00:00+00:00,71.78,71.78,71.78,71.78,38492.0,0.0
2026-04-21 08:00:00+00:00,72.0,72.0,72.0,72.0,100.0,0.0
2026-04-21 12:00:00+00:00,72.0,72.29,70.06,70.06,19966.0,1.0
2026-04-21 16:00:00+00:00,70.06,70.3,69.14,70.08,34782.0,1.0
2026-04-21 20:00:00+00:00,70.07,70.07,70.07,70.07,25939.0,0.0
2026-04-22 12:00:00+00:00,70.32,70.89,69.29,69.55,21646.0,1.0
2026-04-22 16:00:00+00:00,69.51,71.06,69.41,71.05,53199.0,1.0
2026-04-22 20:00:00+00:00,70.94,71.06,70.94,71.02,35580.0,0.0
2026-04-23 12:00:00+00:00,71.25,71.25,69.99,70.38,22211.0,1.0
2026-04-23 16:00:00+00:00,70.36,71.52,70.35,71.22,69208.0,1.0
2026-04-23 20:00:00+00:00,71.22,71.22,71.22,71.22,25609.0,0.0
2026-04-24 12:00:00+00:00,70.76,71.59,69.92,71.52,9667.0,1.0
2026-04-24 16:00:00+00:00,71.52,72.0,71.31,71.83,30377.0,1.0
2026-04-24 20:00:00+00:00,71.84,71.84,71.84,71.84,18923.0,0.0
2026-04-27 12:00:00+00:00,71.76,72.73,70.96,72.73,32064.0,1.0
2026-04-27 16:00:00+00:00,72.62,72.74,71.45,71.59,32207.0,1.0
2026-04-27 20:00:00+00:00,71.58,71.58,71.58,71.58,29128.0,0.0
2026-04-28 12:00:00+00:00,72.05,73.25,69.81,71.69,34773.0,1.0
2026-04-28 16:00:00+00:00,72.04,72.6,71.74,72.4,53161.0,1.0
2026-04-28 20:00:00+00:00,72.39,72.39,72.39,72.39,31745.0,0.0
2026-04-29 08:00:00+00:00,73.29,73.41,73.29,73.41,468.0,0.0
2026-04-29 12:00:00+00:00,73.41,77.27,73.28,75.47,37181.0,1.0
2026-04-29 16:00:00+00:00,75.52,75.52,73.23,73.26,101919.0,1.0
2026-04-29 20:00:00+00:00,73.26,73.31,73.26,73.31,54882.0,0.0
2026-04-30 12:00:00+00:00,74.8,78.28,71.1,78.28,61242.0,1.0
2026-04-30 16:00:00+00:00,78.28,81.47,77.9,78.75,121646.0,1.0
2026-04-30 20:00:00+00:00,78.84,78.84,78.75,78.75,104804.0,0.0
2026-05-01 12:00:00+00:00,78.78,79.68,76.2,78.03,39784.0,1.0
2026-05-01 16:00:00+00:00,77.96,78.21,74.93,76.39,123839.0,1.0
2026-05-01 20:00:00+00:00,76.41,76.43,76.41,76.43,47042.0,0.0
2026-05-04 12:00:00+00:00,76.55,76.62,74.82,74.82,24245.0,1.0
2026-05-04 16:00:00+00:00,74.85,77.43,74.4,75.56,118899.0,1.0
2026-05-04 20:00:00+00:00,75.66,75.66,75.57,75.59,62427.0,0.0
2026-05-05 12:00:00+00:00,76.45,79.76,76.45,79.2,27973.0,1.0
2026-05-05 16:00:00+00:00,79.25,79.56,78.21,78.83,56994.0,1.0
2026-05-05 20:00:00+00:00,78.79,78.79,74.08,74.08,48197.0,0.0
2026-05-06 12:00:00+00:00,80.44,81.57,79.49,80.57,36589.0,1.0
2026-05-06 16:00:00+00:00,80.55,80.62,79.0,79.02,72853.0,1.0
2026-05-06 20:00:00+00:00,79.0,79.0,79.0,79.0,88984.0,0.0
2026-05-07 12:00:00+00:00,79.0,81.56,79.0,80.34,42538.0,1.0
2026-05-07 16:00:00+00:00,80.28,80.86,79.0,80.16,119540.0,1.0
2026-05-07 20:00:00+00:00,80.13,80.13,80.13,80.13,40375.0,0.0
2026-05-08 12:00:00+00:00,80.8,81.23,79.98,81.14,35698.0,1.0
2026-05-08 16:00:00+00:00,81.28,81.46,80.16,81.19,67913.0,1.0
2026-05-08 20:00:00+00:00,81.2,81.2,81.2,81.2,35812.0,0.0
2026-05-11 12:00:00+00:00,81.45,82.66,80.19,82.47,36325.0,1.0
2026-05-11 16:00:00+00:00,82.64,83.31,80.76,80.82,90778.0,1.0
2026-05-11 20:00:00+00:00,80.82,80.82,80.82,80.82,46138.0,0.0
2026-05-12 12:00:00+00:00,80.43,80.43,78.42,78.76,40552.0,1.0
2026-05-12 16:00:00+00:00,78.54,79.64,78.44,78.62,62105.0,1.0
2026-05-12 20:00:00+00:00,78.58,78.58,78.58,78.58,33528.0,0.0
2026-05-13 12:00:00+00:00,77.77,79.09,76.68,77.23,59319.0,1.0
2026-05-13 16:00:00+00:00,77.22,78.0,76.0,76.09,144059.0,1.0
2026-05-13 20:00:00+00:00,76.12,76.12,76.12,76.12,38859.0,0.0
2026-05-14 12:00:00+00:00,76.63,78.6,76.14,78.5,82795.0,1.0
2026-05-14 16:00:00+00:00,78.5,78.73,77.22,77.81,64175.0,1.0
2026-05-14 20:00:00+00:00,77.74,77.84,77.74,77.84,37830.0,0.0
2026-05-15 12:00:00+00:00,77.42,77.97,75.4,75.95,107586.0,1.0
2026-05-15 16:00:00+00:00,75.89,76.71,73.75,73.96,74412.0,1.0
2026-05-15 20:00:00+00:00,73.96,73.96,73.96,73.96,72943.0,0.0
